,train_score,fit_time,test_score
RandomForest_Baseline,0.9999946232223028,4.943787670135498,0.8817586128377315
RandomForest_optimized,0.8594507563568555,1.3255119323730469,0.8516418993124483
