,train_score,fit_time,test_score
Log_reg_Baseline,0.8069243929698301,0.2405329227447509,0.8059517609350987
Log_reg_optimizado,0.8095509792168574,0.4467644691467285,0.8079554218735749
